theme,main_keyword,sub_keywords,category,used,priority
古物台帳の正しい書き方と記入例,古物台帳 書き方,記入例 テンプレート 古物営業法,法令遵守,false,tier3
古物台帳を電子化するメリットと方法,古物台帳 電子化,デジタル管理 ペーパーレス 効率化,法令遵守,true,tier1
古物商許可の申請方法と必要書類,古物商許可 申請,必要書類 費用 期間 警察署,開業,false,tier3
出張買取で独立開業するための完全ガイド,出張買取 開業,独立 資金 準備 流れ,開業,false,tier3
出張買取の開業資金はいくら必要か,出張買取 開業資金,初期費用 運転資金 最低限,開業,false,tier3
買取フランチャイズを辞めた後にやるべきこと,買取 フランチャイズ 脱退,独立 FC 辞めた後,開業,false,tier3
買取フランチャイズのメリット・デメリット徹底比較,買取 フランチャイズ 比較,おたからや バイセル メリット デメリット,開業,false,tier2
出張買取の利益率を上げる5つの方法,出張買取 利益率,粗利 原価 改善 収益,経営,false,tier2
出張買取の集客方法と広告戦略,出張買取 集客,チラシ リスティング広告 SEO Web集客,経営,false,tier2
出張買取のリピーター獲得術,出張買取 リピーター,顧客管理 CRM フォローアップ,経営,false,tier2
買取業者の在庫管理を効率化する方法,買取 在庫管理,Excel 管理ツール 棚卸し,業務効率化,false,tier1
出張買取の日報を効率的につける方法,出張買取 日報,テンプレート 記録 管理,業務効率化,false,tier1
買取業者が粗利を正確に把握するための管理術,買取 粗利管理,原価計算 利益率 PL,業務効率化,false,tier1
古物商の確定申告で気をつけるポイント,古物商 確定申告,経費 帳簿 青色申告 税金,法令遵守,false,tier3
古物営業法の改正ポイントと買取業者への影響,古物営業法 改正,法律 規制 コンプライアンス,法令遵守,false,tier3
出張買取でトラブルを防ぐための注意点,出張買取 トラブル,クレーム 対策 クーリングオフ,法令遵守,true,tier3
クーリングオフ制度と買取業者の対応方法,クーリングオフ 買取,8日間 返品 対応 法律,法令遵守,false,tier3
買取業者のための本人確認の正しいやり方,買取 本人確認,身分証 古物営業法 記録,法令遵守,false,tier3
出張買取の査定スキルを上げるコツ,出張買取 査定,コツ スキル 相場 鑑定,スキルアップ,false,tier3
金・プラチナの買取相場の見方と仕入れ判断,金 プラチナ 買取相場,貴金属 相場 仕入れ,スキルアップ,false,tier3
ブランド品の真贋判定の基本と学び方,ブランド品 真贋判定,偽物 見分け方 鑑定,スキルアップ,false,tier3
時計買取で利益を出すためのポイント,時計 買取 利益,ロレックス オメガ 相場,スキルアップ,false,tier3
切手・古銭の買取で押さえるべき知識,切手 古銭 買取,種類 価値 相場,スキルアップ,true,tier3
着物買取の査定ポイントと高額買取のコツ,着物 買取 査定,正絹 作家物 相場,スキルアップ,false,tier3
出張買取の1日の流れとスケジュール管理,出張買取 1日の流れ,スケジュール タイムマネジメント,開業,false,tier3
出張買取の営業トークの基本と成約率を上げる方法,出張買取 営業トーク,成約率 話し方 クロージング,スキルアップ,false,tier3
買取業者が知っておくべきオークション活用法,買取 オークション,ヤフオク 古物市場 出品,経営,false,tier2
古物市場の仕組みと参加方法,古物市場 参加方法,入会 手数料 流れ,経営,false,tier2
買取業者の売上を月100万円にするためのロードマップ,買取 月商100万,売上アップ 目標 計画,経営,false,tier2
一人で出張買取を始めて月50万円稼ぐ方法,出張買取 月50万,一人 副業 稼ぐ,経営,true,tier2
出張買取の車選びとおすすめ車種,出張買取 車,車種 おすすめ 軽バン 経費,開業,true,tier3
買取業者におすすめの会計ソフトと経費管理,買取 会計ソフト,freee マネーフォワード 経費,業務効率化,false,tier1
出張買取の名刺・チラシの作り方,出張買取 名刺 チラシ,デザイン 印刷 集客,開業,false,tier3
出張買取でSNSを活用した集客方法,出張買取 SNS集客,Instagram Twitter LINE,経営,false,tier2
出張買取のGoogleビジネスプロフィール活用術,出張買取 Googleビジネス,MEO 口コミ ローカルSEO,経営,false,tier2
買取業者のLINE公式アカウント運用術,買取 LINE公式,友だち追加 配信 リピート,経営,false,tier2
出張買取で使うべき便利ツール・アプリまとめ,出張買取 便利ツール,アプリ 効率化 おすすめ,業務効率化,false,tier1
買取業者のホームページに必要な要素,買取 ホームページ,制作 集客 SEO コンバージョン,経営,false,tier2
出張買取の繁忙期と閑散期の対策,出張買取 繁忙期,季節 対策 売上安定,経営,false,tier2
遺品整理と出張買取を組み合わせるビジネスモデル,遺品整理 買取,連携 ビジネス 需要,経営,false,tier2
生前整理の需要と買取業者のチャンス,生前整理 買取,高齢者 需要 サービス,経営,false,tier2
引越しシーズンに出張買取の依頼を増やす方法,引越し 買取,シーズン 集客 広告,経営,false,tier2
買取業者の人材採用と教育のコツ,買取 人材採用,求人 教育 マニュアル,経営,true,tier2
出張買取のスタッフ教育マニュアルの作り方,出張買取 マニュアル,研修 OJT 接客,経営,true,tier2
買取業者が2店舗目を出すタイミングと判断基準,買取 2店舗目,拡大 出店 タイミング,経営,false,tier2
出張買取の顧客管理をシステム化するメリット,出張買取 顧客管理,CRM データベース 管理,業務効率化,false,tier1
買取品のカテゴリ別の利益率ランキング,買取 カテゴリ 利益率,貴金属 ブランド 家電 比較,経営,true,tier2
出張買取でよくある失敗と対策,出張買取 失敗,ミス 対策 注意点,開業,true,tier3
買取業者の開業届と届出の流れ,買取 開業届,個人事業主 届出 手続き,開業,false,tier3
古物商の営業所の要件と自宅開業の注意点,古物商 営業所,自宅 要件 賃貸,開業,true,tier3
出張買取と店舗買取の違いとメリット比較,出張買取 店舗買取 比較,メリット デメリット 違い,開業,false,tier2
宅配買取を始めるための準備と運用フロー,宅配買取 始め方,準備 運用 流れ,開業,false,tier3
出張買取の見積もり書の書き方と注意点,出張買取 見積もり,書き方 テンプレート 法律,業務効率化,true,tier1
買取業者が知っておくべき相場情報の調べ方,買取 相場 調べ方,サイト アプリ 情報源,スキルアップ,false,tier1
出張買取のクロージング率を上げる心理テクニック,出張買取 クロージング,成約率 心理学 テクニック,スキルアップ,true,tier3
買取業者の利益を圧迫する隠れコストの正体,買取 コスト,経費 隠れコスト 利益圧迫,経営,false,tier2
出張買取のエリア戦略と商圏分析,出張買取 エリア,商圏 地域 戦略,経営,false,tier2
買取業者が個人事業主から法人化するタイミング,買取 法人化,メリット タイミング 手続き,経営,false,tier2
古物商の法人設立の手順と注意点,古物商 法人設立,株式会社 合同会社 手続き,開業,true,tier3
出張買取業者のための保険加入ガイド,出張買取 保険,賠償責任 保険 リスク,開業,false,tier3
買取業者が使うべき決済方法と現金管理,買取 決済,現金 キャッシュレス 管理,業務効率化,false,tier1
出張買取の領収書・伝票の正しい書き方,出張買取 領収書,伝票 書き方 法律,法令遵守,false,tier3
買取業者のための古物営業法Q&A,古物営業法 Q&A,よくある質問 違反 罰則,法令遵守,false,tier3
出張買取で扱ってはいけないもの・注意が必要なもの,出張買取 禁止品,盗品 規制品 注意,法令遵守,false,tier3
買取業者の盗品対策と警察との連携方法,買取 盗品対策,確認 通報 警察,法令遵守,true,tier3
出張買取のお客様対応マナーと信頼構築,出張買取 接客マナー,信頼 礼儀 リピート,スキルアップ,false,tier3
高齢者からの買取で気をつけるべきこと,高齢者 買取 注意,トラブル防止 丁寧 説明,法令遵守,false,tier3
出張買取の電話対応の基本とアポ取りのコツ,出張買取 電話対応,アポイント 話し方 成約,スキルアップ,true,tier3
買取業者のGoogleマップ口コミ対策,買取 口コミ,Google 評判 対策 返信,経営,false,tier2
出張買取の写真撮影のコツと商品PR,買取 写真撮影,撮影 コツ 出品 PR,業務効率化,false,tier1
ジュエリー・宝石の買取査定ポイント,ジュエリー 買取 査定,宝石 ダイヤ ルビー,スキルアップ,true,tier3
骨董品・アンティークの買取で利益を出す方法,骨董品 買取,アンティーク 鑑定 利益,スキルアップ,false,tier3
家電買取のポイントと年式による査定基準,家電 買取,年式 査定 基準 ポイント,スキルアップ,false,tier3
ゲーム・ホビーの買取市場と仕入れ戦略,ゲーム ホビー 買取,フィギュア トレカ 市場,スキルアップ,false,tier3
お酒の買取に必要な免許と知識,お酒 買取 免許,酒類 ウイスキー ワイン,開業,false,tier3
楽器買取のポイントと高額商品の見分け方,楽器 買取,ギター ピアノ 査定,スキルアップ,false,tier3
カメラ・レンズの買取相場と人気モデル,カメラ 買取,レンズ 一眼レフ 相場,スキルアップ,false,tier3
工具・電動工具の買取市場が伸びている理由,工具 買取,電動工具 マキタ 市場,スキルアップ,true,tier3
買取業者のためのExcel管理術（脱Excel前に）,買取 Excel管理,スプレッドシート テンプレート 管理,業務効率化,true,tier2
出張買取の業務をDX化するステップ,出張買取 DX,デジタル化 効率化 システム,業務効率化,false,tier1
買取業者がIT化で削減できるコストと時間,買取 IT化,コスト削減 時間短縮 ツール,業務効率化,false,tier1
出張買取の売上管理をスプレッドシートでやる限界,売上管理 スプレッドシート 限界,Excel 課題 非効率,業務効率化,true,tier2
買取SaaSとは？導入メリットと選び方,買取 SaaS,クラウド 管理ツール 比較,業務効率化,false,tier1
出張買取のKPI管理と数値で見る経営,出張買取 KPI,指標 管理 数値 経営,経営,false,tier2
買取業者の月次レポートの作り方,買取 月次レポート,PL 損益 分析 報告,経営,false,tier2
出張買取で開業1年目にやるべきこと総まとめ,出張買取 1年目,開業 やること ロードマップ,開業,false,tier3
買取業界の今後のトレンドと市場予測,買取業界 トレンド,市場 将来 予測 成長,経営,false,tier2
リユース市場の成長と出張買取のポジション,リユース市場 成長,SDGs サステナブル 買取,経営,false,tier2
出張買取の差別化戦略3パターン,出張買取 差別化,競合 戦略 強み,経営,false,tier2
買取業者が副業として始めるメリットと注意点,買取 副業,サラリーマン 始め方 注意,開業,false,tier3
女性が出張買取で独立するメリットと成功のコツ,出張買取 女性,独立 メリット 成功,開業,false,tier3
出張買取の繁盛店がやっている5つの習慣,出張買取 繁盛店,成功 習慣 秘訣,経営,false,tier2
買取業者間のネットワーキングの重要性,買取 ネットワーク,業者間 連携 情報交換,経営,true,tier2
出張買取のクレーム対応マニュアル,出張買取 クレーム対応,マニュアル 解決 手順,スキルアップ,false,tier3
買取業者が知っておくべき消費者契約法,消費者契約法 買取,法律 取消し 注意,法令遵守,false,tier3
出張買取で使う契約書・同意書のテンプレート,出張買取 契約書,同意書 テンプレート 書式,法令遵守,true,tier3
古物商の台帳保管期間と廃棄ルール,古物台帳 保管期間,保存 廃棄 法律,法令遵守,false,tier3
出張買取と不用品回収の違いと許可の違い,出張買取 不用品回収 違い,許可 法律 区別,法令遵守,false,tier3
買取業者の年収・収入のリアルな話,買取業者 年収,収入 利益 リアル,開業,true,tier3
出張買取を辞めたい時に考えるべきこと,出張買取 辞めたい,撤退 判断 転職,経営,false,tier2
買取業者の事業承継と売却の選択肢,買取 事業承継,M&A 売却 引退,経営,false,tier2
【現役買取業者の秘訣】ブランド品 貴金属 時計のジャンル別「査定額を落とさない仕入れのツボ」,仕入れ ノウハウ,ブランド 時計 貴金属 査定,スキルアップ,false,tier3
出張買取で金1kgを査定した話 現場で使える査定手順を全公開,出張買取 査定,金 地金 現場 手順,スキルアップ,false,tier3
資産になる在庫とは 回転しやすい買取品の条件を整理してみた,買取在庫 回転率,在庫管理 粗利 回転,業務効率化,false,tier1
これ買い取っていいの で迷わなくなる 出張買取の判断基準3つ,出張買取 判断基準,査定 リスク 新人,スキルアップ,false,tier3
自社の買取店が何に強い店か言語化する3つの視点,買取店 差別化,ポジショニング ブランディング 集客,経営,false,tier2
出張買取で後悔しないための業務オペレーション5つの基準,出張買取 オペレーション,業務改善 SOP 効率化,業務効率化,false,tier1
【新人教育】査定担当に最初に教えるべき5つのこと,査定 新人教育,スタッフ育成 教育 査定,経営,false,tier2
【元買取店スタッフが本音で語る】査定額が低くなる本当の理由と業者として避けるべき行動,査定 業界裏側,業界 本音 査定,スキルアップ,false,tier3
出張買取の粗利を1.3倍にした業務フロー改善5選,粗利改善,業務改善 粗利 SaaS,経営,false,tier1
【失敗談】査定システムなしで月100件こなしていた頃の話,査定システム,DX 業務効率 失敗,業務効率化,true,tier1
買取管理ツール・アプリを比較してみた,買取 管理ツール 比較,アプリ SaaS クラウド おすすめ,業務効率化,false,tier1
出張買取アプリおすすめ5選と選び方,出張買取 アプリ おすすめ,管理 ツール 比較 無料,業務効率化,false,tier1
買取業者が管理システムを導入すべき3つの理由,買取 管理システム 導入,効率化 DX コスト削減,業務効率化,false,tier1
出張買取の業務をクラウドで一元管理する方法,出張買取 クラウド管理,一元管理 SaaS ツール,業務効率化,false,tier1
古物台帳アプリ・ソフトの選び方完全ガイド,古物台帳 アプリ,ソフト 電子化 おすすめ,業務効率化,false,tier1
買取業者の粗利管理をシステム化して利益を見える化,粗利管理 システム,見える化 ツール 自動計算,業務効率化,false,tier1
出張買取の査定から売却までを一気通貫で管理する方法,出張買取 一気通貫 管理,査定 売却 ワンストップ,業務効率化,false,tier1
買取業者のExcel脱却ガイド〜クラウド移行の実践手順,買取 Excel脱却,クラウド移行 SaaS 手順,業務効率化,false,tier1
出張買取で月商300万円を超えたら必要になる管理体制,出張買取 月商300万,管理体制 組織化 システム,経営,false,tier1
買取業者がDXで売上を伸ばした事例3選,買取 DX 事例,成功事例 効率化 売上,業務効率化,false,tier1
出張買取の原価管理ができていないと利益が消える理由,出張買取 原価管理,コスト 利益 見えない,業務効率化,false,tier1
買取業の顧客データを活用してリピート率を上げる方法,買取 顧客データ活用,CRM リピート データ分析,業務効率化,false,tier1
出張買取のスタッフ別売上管理と評価の仕組み,出張買取 スタッフ管理,売上管理 評価 KPI,業務効率化,false,tier1
買取業者の在庫回転率を改善する5つのアクション,在庫回転率 改善,買取 在庫 滞留 効率,業務効率化,false,tier1
出張買取のトライアルで無料体験できる管理ツールまとめ,出張買取 無料体験 ツール,トライアル 管理 SaaS,業務効率化,false,tier1
